INSERT INTO "DERBY"."BEER" (ID,ALCOHOLLEVEL,CAPACITY,COMMENT,DISCOUNTAMOUNT,LEGENDARY,NAME,PRICE) VALUES (1,11.6,0.5,'A világ egyik legerõsebb söre.',25,0,'Ultra sör',400.0);
INSERT INTO "DERBY"."BEER" (ID,ALCOHOLLEVEL,CAPACITY,COMMENT,DISCOUNTAMOUNT,LEGENDARY,NAME,PRICE) VALUES (2,6.5,0.5,'A világ fõleg Európai országaiban kedvelt sör.',0,0,'Bivaly sör',250.0);
INSERT INTO "DERBY"."BEER" (ID,ALCOHOLLEVEL,CAPACITY,COMMENT,DISCOUNTAMOUNT,LEGENDARY,NAME,PRICE) VALUES (3,5.7,0.5,'Egy igazán habos sör az unalmas hétköznapokra.',0,0,'Habos sör',299.0);
INSERT INTO "DERBY"."BEER" (ID,ALCOHOLLEVEL,CAPACITY,COMMENT,DISCOUNTAMOUNT,LEGENDARY,NAME,PRICE) VALUES (4,6.4,0.33,'Egy jó buliban mindig van szükség egy jó pofa sörre.',0,0,'Jópofa sör',320.0);
INSERT INTO "DERBY"."BEER" (ID,ALCOHOLLEVEL,CAPACITY,COMMENT,DISCOUNTAMOUNT,LEGENDARY,NAME,PRICE) VALUES (5,7.2,0.5,'Az egyik legfinomabb barna sör amit inni fog.',33,0,'Bebarnult sör',399.0);
INSERT INTO "DERBY"."BEER" (ID,ALCOHOLLEVEL,CAPACITY,COMMENT,DISCOUNTAMOUNT,LEGENDARY,NAME,PRICE) VALUES (6,2.2,0.5,'Egy igazán jól elkészített lime ízesítésû sör.',0,0,'Lime sör',235.0);
INSERT INTO "DERBY"."BEER" (ID,ALCOHOLLEVEL,CAPACITY,COMMENT,DISCOUNTAMOUNT,LEGENDARY,NAME,PRICE) VALUES (7,5.6,0.5,'Egy igazán habosra készített söröcske.',0,0,'Meghabosodott sör',259.0);
INSERT INTO "DERBY"."BEER" (ID,ALCOHOLLEVEL,CAPACITY,COMMENT,DISCOUNTAMOUNT,LEGENDARY,NAME,PRICE) VALUES (8,4.9,50.0,'A nyári bulik egyik alapvetõ kelléke, egy 50 literes party hordó.',50,1,'Party hordó',15999.0);
INSERT INTO "DERBY"."BEER" (ID,ALCOHOLLEVEL,CAPACITY,COMMENT,DISCOUNTAMOUNT,LEGENDARY,NAME,PRICE) VALUES (9,4.5,25.0,'Egy meleg nyári délutánon a haverokkal akár 25 litert is képesek vagyunk elfogyasztani, jéghidegen a legjobb.',0,0,'25 L hordó',8000.0);
INSERT INTO "DERBY"."BEER" (ID,ALCOHOLLEVEL,CAPACITY,COMMENT,DISCOUNTAMOUNT,LEGENDARY,NAME,PRICE) VALUES (10,3.6,0.5,'A mindennapok szerencséire való hûsítõ ital. (http://www.iconka.com)',0,0,'Szerencse sör',310.0);
INSERT INTO "DERBY"."BEER" (ID,ALCOHOLLEVEL,CAPACITY,COMMENT,DISCOUNTAMOUNT,LEGENDARY,NAME,PRICE) VALUES (11,5.5,50.0,'Csappal ellátott party hordó.',0,1,'Csapos party hordó',19000.0);
INSERT INTO "DERBY"."BEER" (ID,ALCOHOLLEVEL,CAPACITY,COMMENT,DISCOUNTAMOUNT,LEGENDARY,NAME,PRICE) VALUES (12,3.6,0.5,'A legjobb barátok szerencse söre, most párban. (http://www.iconka.com)',0,0,'Barátság sör',459.0);
INSERT INTO "DERBY"."BEER" (ID,ALCOHOLLEVEL,CAPACITY,COMMENT,DISCOUNTAMOUNT,LEGENDARY,NAME,PRICE) VALUES (13,4.9,0.5,'Igazán hûsítõ dobozos söröcske.',0,0,'Jéghegy sör',259.0);
INSERT INTO "DERBY"."BEER" (ID,ALCOHOLLEVEL,CAPACITY,COMMENT,DISCOUNTAMOUNT,LEGENDARY,NAME,PRICE) VALUES (14,4.5,0.5,'Hûsítõ, októberi finomság.',15,0,'Õszi sör',359.0);
INSERT INTO "DERBY"."BEER" (ID,ALCOHOLLEVEL,CAPACITY,COMMENT,DISCOUNTAMOUNT,LEGENDARY,NAME,PRICE) VALUES (15,7.6,0.5,'Kezdetben fehér aztán pedig barna sör is akár.',0,0,'Fehér-Barna sör',320.0);
INSERT INTO "DERBY"."BEER" (ID,ALCOHOLLEVEL,CAPACITY,COMMENT,DISCOUNTAMOUNT,LEGENDARY,NAME,PRICE) VALUES (16,2.4,0.33,'Sárga sör, az unalmas hétköznapokra.',0,0,'Sárga sör',240.0);

INSERT INTO "DERBY"."STORAGEITEM" (ID,QUANTITY,BEER_ID) VALUES (1,6,1);
INSERT INTO "DERBY"."STORAGEITEM" (ID,QUANTITY,BEER_ID) VALUES (2,991,2);
INSERT INTO "DERBY"."STORAGEITEM" (ID,QUANTITY,BEER_ID) VALUES (3,231,3);
INSERT INTO "DERBY"."STORAGEITEM" (ID,QUANTITY,BEER_ID) VALUES (4,49,4);
INSERT INTO "DERBY"."STORAGEITEM" (ID,QUANTITY,BEER_ID) VALUES (5,1,5);
INSERT INTO "DERBY"."STORAGEITEM" (ID,QUANTITY,BEER_ID) VALUES (6,456,6);
INSERT INTO "DERBY"."STORAGEITEM" (ID,QUANTITY,BEER_ID) VALUES (7,35,7);
INSERT INTO "DERBY"."STORAGEITEM" (ID,QUANTITY,BEER_ID) VALUES (8,57,8);
INSERT INTO "DERBY"."STORAGEITEM" (ID,QUANTITY,BEER_ID) VALUES (9,0,9);
INSERT INTO "DERBY"."STORAGEITEM" (ID,QUANTITY,BEER_ID) VALUES (10,123,10);
INSERT INTO "DERBY"."STORAGEITEM" (ID,QUANTITY,BEER_ID) VALUES (11,21,11);
INSERT INTO "DERBY"."STORAGEITEM" (ID,QUANTITY,BEER_ID) VALUES (12,123,12);
INSERT INTO "DERBY"."STORAGEITEM" (ID,QUANTITY,BEER_ID) VALUES (13,453,13);
INSERT INTO "DERBY"."STORAGEITEM" (ID,QUANTITY,BEER_ID) VALUES (14,23,14);
INSERT INTO "DERBY"."STORAGEITEM" (ID,QUANTITY,BEER_ID) VALUES (15,231,15);
INSERT INTO "DERBY"."STORAGEITEM" (ID,QUANTITY,BEER_ID) VALUES (16,43,16);

INSERT INTO `cart` (`id`, `user_id`) VALUES
(1, null);


INSERT INTO `role` (`id`, `name`) VALUES
(1, 'ROLE_USER'),
(2, 'ROLE_ADMIN');

INSERT INTO `user` (`id`, `dateOfBirth`, `email`, `password`, `points`, `username`, `experiencePoints`, `cart_id`, `money`) VALUES
(1, '1995-10-20 00:00:00', 'holi60@gmail.com', '$2a$10$2xgwOhINMMmb8L9jXcoXsO7w0ie3418DOU0q3hZ7IxYF9ULGlEw76', 0, 'Holi60', '750.00', null, '115500.00');

INSERT INTO `user_role` (`User_id`, `roles_id`) VALUES
(1, 1),
(1, 2);

UPDATE `cart` SET `user_id` = 1 where `id` = 1;
UPDATE `user` SET `cart_id` = 1 WHERE `id` = 1;



